24752851,2014-07-15 07:58:49,.htaccess,2014,7,24768174,509916
39926330,2016-10-07 21:55:43,.htaccess,2016,10,,5281549
26762140,2014-11-05 16:26:24,.htaccess,2014,11,26762882,2091861
29889423,2015-04-27 07:14:00,.htaccess,2015,4,,589973
10582676,2012-05-14 11:43:27,.htaccess,2012,5,,1326187
24544084,2014-07-03 02:39:25,.htaccess,2014,7,,1448031
9930295,2012-03-29 17:21:35,.htaccess,2012,3,9930673,714593
13970387,2012-12-20 10:45:36,.htaccess,2012,12,,1153591
35343352,2016-02-11 15:26:44,.htaccess,2016,2,,2084711
46593732,2017-10-05 19:51:07,.htaccess,2017,10,,3246127
31591537,2015-07-23 15:16:56,.htaccess,2015,7,,4655773
3374330,2010-07-30 18:23:37,.htaccess,2010,7,3374525,282360
9120186,2012-02-02 21:21:29,.htaccess,2012,2,,1186130
56088537,2019-05-11 08:26:58,.htaccess,2019,5,,11482819
11183100,2012-06-25 03:19:03,.htaccess,2012,6,11183359,697780
25061324,2014-07-31 14:20:38,.htaccess,2014,7,25061613,1929511
16678572,2013-05-21 20:07:00,.htaccess,2013,5,16678636,2392904
10727492,2012-05-23 20:40:44,.htaccess,2012,5,10727628,1413527
27753848,2015-01-03 10:27:25,.htaccess,2015,1,,4283277
12209587,2012-08-31 05:49:26,.htaccess,2012,8,12209626,1513295
48606503,2018-02-04 09:12:54,.htaccess,2018,2,,9311865
29087549,2015-03-16 21:47:12,.htaccess,2015,3,,2292197
28091066,2015-01-22 14:23:04,.htaccess,2015,1,,4186170
41868732,2017-01-26 07:37:26,.htaccess,2017,1,41889698,2673535
41572185,2017-01-10 15:18:59,.htaccess,2017,1,,7399693
37792611,2016-06-13 14:39:07,.htaccess,2016,6,,1628371
26193101,2014-10-04 13:03:08,.htaccess,2014,10,26205597,4106670
15277182,2013-03-07 16:58:46,.htaccess,2013,3,15277237,1203775
32336834,2015-09-01 16:40:27,.htaccess,2015,9,,1923610
12906957,2012-10-16 03:05:08,.htaccess,2012,10,,1713020
31094306,2015-06-27 22:48:13,.htaccess,2015,6,,4956584
19712594,2013-10-31 17:03:46,.htaccess,2013,10,19712731,377192
42669356,2017-03-08 10:54:02,.htaccess,2017,3,,2977811
35539128,2016-02-21 17:08:06,.htaccess,2016,2,35539167,4339664
28636880,2015-02-20 19:37:42,.htaccess,2015,2,,2694328
37652235,2016-06-06 07:57:03,.htaccess,2016,6,38048229,1339207
18106268,2013-08-07 14:35:54,.htaccess,2013,8,,
36425139,2016-04-05 11:30:03,.htaccess,2016,4,,3296648
38101471,2016-06-29 13:44:17,.htaccess,2016,6,,5955098
61028412,2020-04-04 12:55:55,.htaccess,2020,4,,7052507
65108992,2020-12-02 13:25:54,.htaccess,2020,12,,634973
48653301,2018-02-06 22:54:27,.htaccess,2018,2,,9266211
48961566,2018-02-24 10:01:55,.htaccess,2018,2,,6767327
30585280,2015-06-02 00:01:24,.htaccess,2015,6,30585504,1114136
47003145,2017-10-29 17:28:18,.htaccess,2017,10,,8852475
49620727,2018-04-03 00:55:44,.htaccess,2018,4,,6832962
26695551,2014-11-02 02:51:04,.htaccess,2014,11,,3993129
22640927,2014-03-25 16:37:05,.htaccess,2014,3,,3418053
38209715,2016-07-05 17:55:45,.htaccess,2016,7,,6515421
25323630,2014-08-15 08:46:52,.htaccess,2014,8,25374908,3020268
16687883,2013-05-22 09:11:50,.htaccess,2013,5,16688971,2372217
40070527,2016-10-16 13:00:16,.htaccess,2016,10,,3436951
25212163,2014-08-08 20:59:51,.htaccess,2014,8,,97767
49476784,2018-03-25 14:10:38,.htaccess,2018,3,49476921,4570451
30998869,2015-06-23 09:24:29,.htaccess,2015,6,30999705,123594
54281673,2019-01-20 22:42:37,.htaccess,2019,1,,10752088
13819479,2012-12-11 11:32:23,.htaccess,2012,12,,365560
6251223,2011-06-06 11:17:09,.htaccess,2011,6,6251253,244413
25434647,2014-08-21 19:42:49,.htaccess,2014,8,,1804576
17000671,2013-06-08 14:47:51,.htaccess,2013,6,,1416553
14894034,2013-02-15 11:45:39,.htaccess,2013,2,,1111502
38421965,2016-07-17 13:53:39,.htaccess,2016,7,,3513502
6034668,2011-05-17 17:23:38,.htaccess,2011,5,6034742,242934
55727351,2019-04-17 12:15:06,.htaccess,2019,4,,5678222
9691378,2012-03-13 20:14:26,.htaccess,2012,3,9705922,256888
37580654,2016-06-02 00:01:45,.htaccess,2016,6,,2870438
55655320,2019-04-12 15:47:57,.htaccess,2019,4,55655688,654480
33082625,2015-10-12 13:38:32,.htaccess,2015,10,33116683,4070929
29573529,2015-04-11 02:52:33,.htaccess,2015,4,29573553,3748554
21625985,2014-02-07 11:00:06,.htaccess,2014,2,21626045,3283533
32110225,2015-08-20 05:32:15,.htaccess,2015,8,32111217,833811
28662481,2015-02-22 19:52:18,.htaccess,2015,2,,2320094
34565004,2016-01-02 10:45:31,.htaccess,2016,1,34565125,1974512
13324192,2012-11-10 17:16:06,.htaccess,2012,11,13334408,1623997
34493356,2015-12-28 12:14:19,.htaccess,2015,12,,5068367
42812887,2017-03-15 14:39:50,.htaccess,2017,3,42813041,4353536
17203243,2013-06-19 23:55:18,.htaccess,2013,6,,2480092
27795589,2015-01-06 09:22:52,.htaccess,2015,1,27798481,2384642
30218266,2015-05-13 14:44:56,.htaccess,2015,5,,3423020
11919732,2012-08-12 04:26:18,.htaccess,2012,8,13870960,778245
45474807,2017-08-03 04:25:11,.htaccess,2017,8,,8409162
21780481,2014-02-14 13:17:20,.htaccess,2014,2,,1569788
4799910,2011-01-25 23:13:11,.htaccess,2011,1,4818539,111133
58430859,2019-10-17 10:50:24,.htaccess,2019,10,,11154254
6884430,2011-07-30 16:22:14,.htaccess,2011,7,7003813,658911
18221277,2013-08-14 00:14:33,.htaccess,2013,8,,2133048
33143663,2015-10-15 08:35:59,.htaccess,2015,10,,4724402
56891711,2019-07-04 16:31:23,.htpasswd,2019,7,,8558993
61441469,2020-04-26 13:18:13,.htpasswd,2020,4,,12197691
8984706,2012-01-24 09:47:49,.net,2012,1,,191997
28214311,2015-01-29 12:02:56,.net,2015,1,,4507095
9059343,2012-01-30 04:27:27,.net,2012,1,9060593,443568
126868,2008-09-24 12:35:20,.net,2008,9,126910,369
29260494,2015-03-25 15:54:18,.net,2015,3,29263228,143684
25036114,2014-07-30 11:50:42,.net,2014,7,25036402,3529296
20647913,2013-12-18 01:11:15,.net,2013,12,20668545,176868
56427509,2019-06-03 12:35:01,.net,2019,6,,11593718
54577941,2019-02-07 16:30:13,.net,2019,2,54578115,8111200
16948319,2013-06-05 19:34:07,.net,2013,6,16951663,783022
38923246,2016-08-12 17:11:44,.net,2016,8,,758815
